"Surface","obj.func_LL","k","AIC","AICc","R2m","R2c","LL"
"Distance",-1282.69822715768,2,2569.39645431536,2569.94190886082,0.864966126790815,0.883414313489819,-1282.69822715768
"continuous",-1281.55910293303,4,2571.11820586606,2573.11820586606,0.869249923545383,0.884208142370041,-1281.55910293303
"categorical",-1360.3410937936,4,2730.41193976238,2732.41193976238,0.761774309186214,0.836289499818672,-1361.20596988119
"Null",-1569.2214205514,1,3140.4428411028,3140.61675414627,0,0.109069539402671,-1569.2214205514
