"Surface","obj.func_LL","k","AIC","AICc","R2m","R2c","LL","Equation","shape","max"
"continuous",-1281.55910293303,4,2571.11820586606,2573.11820586606,0.869249923545383,0.884208142370041,-1281.55910293303,"Reverse Monomolecular",4.87051507318392,220.033639793601
