"","Estimate","Std. Error","t value"
"Intercept",114.988031854852,3.37890580054775,34.0311445901247
"categorical.continuous",44.7529354068546,1.24375524064194,35.9821080100586
"Intercept",114.988031854851,5.76515509491318,19.9453492511085
"categorical",44.0389250282712,1.43705304802711,30.645302265446
"Intercept",114.988031854851,2.60863395474889,44.0797880613036
"continuous",44.8260898963311,1.07757291238262,41.5991246450473
"Intercept",114.988031854851,2.83741028320681,40.5256978644953
"Distance",44.4344219934344,1.07179300543519,41.4580257270779
