"surface","mean"
"categorical",0.0937492355343304
"continuous",0.90625076446567
