"surface","mean"
"categorical",0.465521057774207
"continuous",0.534478942225792
