"Surface","obj.func_LL","k","AIC","AICc","R2m","R2c","LL","delta.AICc","weight"
"Distance",-1282.69822715768,2,2569.39645431536,2569.94190886082,0.864966126790815,0.883414313489819,-1282.69822715768,0,0.754907833833074
"continuous",-1281.09591576957,4,2570.19183153914,2572.19183153914,0.869581823432783,0.884546084670195,-1281.09591576957,2.24992267832977,0.245092166166717
"categorical.continuous",-1303.59076492899,7,2621.18152985798,2627.7697651521,0.845159331240762,0.859367195399638,-1303.59076492899,57.8278562912828,2.09283258394076e-13
"categorical",-1400.35356542955,4,2808.87271950768,2810.87271950768,0.701514346393821,0.78191830802376,-1400.43635975384,240.930810646867,3.63440348251844e-53
"Null",-1569.2214205514,1,3140.4428411028,3140.61675414627,0,0.109069539402671,-1569.2214205514,570.674845285459,9.06621049165909e-125
