"surface","avg.AIC","avg.AICc","avg.weight","avg.rank","avg.R2m","avg.LL","avg.RMSE","n","Percent.top","k"
"continuous",1322.95297137309,1326.02989445002,0.285945342043487,1.4,0.864514444252377,-657.476485686547,15.9140796194539,3,60,4
"Distance",1322.60802396302,1323.40802396302,0.714054635771236,1.6,0.85936311087133,-659.304011981508,16.0054489861483,2,40,2
"categorical.continuous",1350.2276705259,1361.4276705259,2.21852761625718e-08,3,0.839170604220505,-668.113835262951,17.4742697997902,0,0,7
"categorical",1442.28180757424,1445.35873065116,5.25142382667532e-27,4,0.673488646509873,-717.14090378712,22.0254662613887,0,0,4
