"","Estimate","Std. Error","t value"
"Intercept",114.988031854852,0.794232242534152,144.778851445215
"categorical.continuous",45.5682618667162,0.795559281458782,57.2782731956312
