"","Estimate","Std. Error","t value"
"Intercept",114.988031854852,2.55278673602229,45.0441199150167
"categorical.continuous",43.4701579037236,1.14024074248703,38.123666594222
