"surface","mean"
"categorical",0.43146952130289
"continuous",0.568530478697109
