"surface","mean"
"categorical",0.197417079367032
"continuous",0.802582920632968
