"model","AIC","logLik","sigma","deltaAIC","weight"
"ibd",-170.807837844525,89.4039189222626,0.0569581885093461,0,0.627308638148991
"ibd_envdist",-169.086826177729,89.5434130888646,0.0568683548965502,1.7210116667961,0.265318988420591
"ibd_ibe",-167.27756634949,89.6387831747448,0.0567432276685579,3.53027149503555,0.107372373376466
"null",-122.78803542979,64.3940177148951,0.0816955205463333,48.019802414735,2.34484242143063e-11
"ibe_cti",-121.48122748683,64.7406137434152,0.0812309125950501,49.3266103576949,1.21995531433032e-11
"ibe_hli",-121.397447527178,64.6987237635888,0.082198859209482,49.4103903173476,1.16990699085013e-11
"ibe_both",-120.254309382943,65.1271546914716,0.0817354763481303,50.5535284615821,6.60574861053432e-12
