"Surface","obj.func_LL","k","AIC","AICc","R2m","R2c","LL"
"err27.ffp",97.4544254385486,10,-174.908850877097,45.0911491229028,0.684602750506228,0.739321303212571,97.4544254385486
