"surface","mean"
"err27",0.985896492955746
"ffp",0.0141035070442452
