"surface","mean"
"err27",0.777885259045621
"ffp",0.222114740954378
