"Surface","obj.func_LL","k","AIC","AICc","R2m","R2c","LL"
"Distance",-1282.69822715768,2,2569.39645431536,2569.94190886082,0.864966126790815,0.883414313489819,-1282.69822715768
"continuous",-1281.09591576957,4,2570.19183153914,2572.19183153914,0.869581823432783,0.884546084670195,-1281.09591576957
"categorical",-1400.35356542955,4,2808.87271950768,2810.87271950768,0.701514346393821,0.78191830802376,-1400.43635975384
"Null",-1569.2214205514,1,3140.4428411028,3140.61675414627,0,0.109069539402671,-1569.2214205514
