"Surface","obj.func_LL","k","AIC","AICc","R2m","R2c","LL","Equation","shape","max"
"continuous",-1281.09591576957,4,2570.19183153914,2572.19183153914,0.869581823432783,0.884546084670195,-1281.09591576957,"Reverse Monomolecular",4.44116786494851,615.344461771801
