"","Estimate","Std. Error","t value"
"Intercept",114.98803185485,5.99609269893323,19.1771604657325
"categorical",42.0750984826151,1.65666008325759,25.3975446790993
"Intercept",114.988031854851,2.60797252683889,44.0909674743498
"continuous",44.8259834299992,1.07561219483516,41.6748560914827
"Intercept",114.988031854851,2.83741028320681,40.5256978644953
"Distance",44.4344219934344,1.07179300543519,41.4580257270779
